<?xml version="1.0" encoding="UTF-8" standalone="no"?>
<Context docBase="C:/Users/vaishnaviravindra_pa/Spring/springmvc/src/main/webapp">
  <Resources cacheMaxSize="10240">
    <PreResources base="C:/Users/vaishnaviravindra_pa/Spring/springmvc/target/classes" className="org.apache.catalina.webresources.DirResourceSet" webAppMount="/WEB-INF/classes"/>
    <PostResources base="C:/Users/vaishnaviravindra_pa/.m2/repository/org/springframework/spring-webmvc/6.1.13/spring-webmvc-6.1.13.jar" className="org.apache.catalina.webresources.FileResourceSet" webAppMount="/WEB-INF/lib/spring-webmvc-6.1.13.jar"/>
    <PostResources base="C:/Users/vaishnaviravindra_pa/.m2/repository/org/springframework/spring-aop/6.1.13/spring-aop-6.1.13.jar" className="org.apache.catalina.webresources.FileResourceSet" webAppMount="/WEB-INF/lib/spring-aop-6.1.13.jar"/>
    <PostResources base="C:/Users/vaishnaviravindra_pa/.m2/repository/org/springframework/spring-beans/6.1.13/spring-beans-6.1.13.jar" className="org.apache.catalina.webresources.FileResourceSet" webAppMount="/WEB-INF/lib/spring-beans-6.1.13.jar"/>
    <PostResources base="C:/Users/vaishnaviravindra_pa/.m2/repository/org/springframework/spring-context/6.1.13/spring-context-6.1.13.jar" className="org.apache.catalina.webresources.FileResourceSet" webAppMount="/WEB-INF/lib/spring-context-6.1.13.jar"/>
    <PostResources base="C:/Users/vaishnaviravindra_pa/.m2/repository/io/micrometer/micrometer-observation/1.12.10/micrometer-observation-1.12.10.jar" className="org.apache.catalina.webresources.FileResourceSet" webAppMount="/WEB-INF/lib/micrometer-observation-1.12.10.jar"/>
    <PostResources base="C:/Users/vaishnaviravindra_pa/.m2/repository/io/micrometer/micrometer-commons/1.12.10/micrometer-commons-1.12.10.jar" className="org.apache.catalina.webresources.FileResourceSet" webAppMount="/WEB-INF/lib/micrometer-commons-1.12.10.jar"/>
    <PostResources base="C:/Users/vaishnaviravindra_pa/.m2/repository/org/springframework/spring-core/6.1.13/spring-core-6.1.13.jar" className="org.apache.catalina.webresources.FileResourceSet" webAppMount="/WEB-INF/lib/spring-core-6.1.13.jar"/>
    <PostResources base="C:/Users/vaishnaviravindra_pa/.m2/repository/org/springframework/spring-jcl/6.1.13/spring-jcl-6.1.13.jar" className="org.apache.catalina.webresources.FileResourceSet" webAppMount="/WEB-INF/lib/spring-jcl-6.1.13.jar"/>
    <PostResources base="C:/Users/vaishnaviravindra_pa/.m2/repository/org/springframework/spring-expression/6.1.13/spring-expression-6.1.13.jar" className="org.apache.catalina.webresources.FileResourceSet" webAppMount="/WEB-INF/lib/spring-expression-6.1.13.jar"/>
    <PostResources base="C:/Users/vaishnaviravindra_pa/.m2/repository/org/springframework/spring-web/6.1.13/spring-web-6.1.13.jar" className="org.apache.catalina.webresources.FileResourceSet" webAppMount="/WEB-INF/lib/spring-web-6.1.13.jar"/>
  </Resources>
</Context>
